name,email,password,phone_number,role,active
Angela Gross,josephheather@gmail.com,_tJ@pUjz67,8957883957,admin,1
David Bailey,usolis@hotmail.com,{noop}&34WrmL(@M,6323343994,organizer,1
Sherry Smith,mcneilsuzanne@allen.info,{noop}%!8QfciutF,7214408268,users,1
Ryan Barnes,tgarcia@yahoo.com,{noop}_AUlrwI8@2,9017986440,users,1
Ashley Huffman,melinda00@boyd.com,{noop}%30miTiZl,5934313527,users,1
Kyle Livingston,karlacasey@yahoo.com,{noop}3G$UCIuz&2,9243946383,users,1
Maureen Woods,arthur79@davis-lawrence.com,{noop}9@Y4Fpwie3,7313606363,users,1
John Meza,hahnkimberly@barnes-brown.com,{noop}wS0Rhp8S%H,2541812854,users,1
Stephanie Smith,linda06@gmail.com,{noop}'+2IH9@AD!c,9897358354,users,1
Kelly Fisher,aguirresherri@gmail.com,{noop}2**zbWz2*1,3577796339,users,1
Rebecca Wallace,hernandezmichael@torres.info,{noop}mu8LDj(W!4,3322985823,users,1
Samantha Cowan,ncarrillo@gmail.com,{noop}l7iHp(oS&0,3351807886,users,1
Kevin Jackson,mclaughlinjaclyn@gonzales.net,{noop}l^g1)Gv^IE,38368513,users,1
Amanda Blackburn,nicolelucas@yahoo.com,{noop}(zGOdsfRt9,5364696521,users,1
Casey Gomez,fostermelinda@hotmail.com,{noop}*E+8ELyeBR,663389859,users,1
